{
  "model": "ToxGuard IUPACGPT (LoRA + Mean Pooling)",
  "config": {
    "architecture": "GPT-2 (IUPACGPT) + LoRA + Binary Head",
    "pooling_strategy": "mean",
    "lora_rank": 32,
    "lora_alpha": 64.0,
    "lora_dropout": 0.2,
    "lora_targets": "c_attn,c_proj,c_fc",
    "label_smoothing": 0.1,
    "optimizer": "AdamW",
    "lr": 5e-05,
    "weight_decay": 0.01,
    "scheduler": "cosine",
    "warmup_steps": 1200,
    "loss": "FocalLoss(alpha=0.45, gamma=1.5)",
    "max_epochs": 40,
    "patience": 20,
    "batch_size": 16,
    "grad_accumulation": 2,
    "effective_batch_size": 32,
    "n_folds": 5,
    "split_method": "bemis_murcko_scaffold",
    "seed": 42
  },
  "overall_5fold": {
    "auroc": {
      "mean": 0.7601957641662385,
      "std": 0.027831992951201368,
      "per_fold": [
        0.7121790494820502,
        0.7497485104878701,
        0.7703127753735288,
        0.7746924377225671,
        0.794046047765176
      ]
    },
    "auprc": {
      "mean": 0.7976250410913489,
      "std": 0.02022827727014462,
      "per_fold": [
        0.7633438309865592,
        0.7877240101831741,
        0.81969952169934,
        0.8041498486447474,
        0.8132079939429242
      ]
    },
    "accuracy": {
      "mean": 0.6973056850653057,
      "std": 0.027682139245890004,
      "per_fold": [
        0.6469676419298586,
        0.6982832618025752,
        0.6962145110410095,
        0.7191584316225693,
        0.7259045789305155
      ]
    },
    "f1": {
      "mean": 0.7363440505331387,
      "std": 0.027588590906476137,
      "per_fold": [
        0.6845567867036012,
        0.7495546847167796,
        0.7339043934788615,
        0.7639967854272702,
        0.7497076023391812
      ]
    },
    "mcc": {
      "mean": 0.382119602870312,
      "std": 0.05525053900653456,
      "per_fold": [
        0.285290836686828,
        0.37547730277150687,
        0.3802774343444651,
        0.42264469329732235,
        0.4469077472514377
      ]
    },
    "precision": {
      "mean": 0.7269529688979973,
      "std": 0.015232153898604684,
      "per_fold": [
        0.7060714285714286,
        0.7139463861554123,
        0.7431449356463347,
        0.7275510204081632,
        0.7440510737086478
      ]
    },
    "recall": {
      "mean": 0.7475688097388017,
      "std": 0.049865768846215,
      "per_fold": [
        0.6643145161290323,
        0.7889013873265842,
        0.7248908296943232,
        0.8042865200225606,
        0.7554507955215085
      ]
    },
    "specificity": {
      "mean": 0.6313117878138493,
      "std": 0.039295846406505346,
      "per_fold": [
        0.6233409610983982,
        0.577019568489714,
        0.6569506726457399,
        0.6085043988269795,
        0.6907433380084151
      ]
    },
    "sensitivity": {
      "mean": 0.7475688097388017,
      "std": 0.049865768846215,
      "per_fold": [
        0.6643145161290323,
        0.7889013873265842,
        0.7248908296943232,
        0.8042865200225606,
        0.7554507955215085
      ]
    }
  },
  "per_dataset": {
    "toxcast": {
      "auroc": {
        "mean": 0.6476426741515089,
        "std": 0.03906705197704179
      },
      "auprc": {
        "mean": 0.8069324293668935,
        "std": 0.036723048340198926
      },
      "accuracy": {
        "mean": 0.6452525782373019,
        "std": 0.03937555509327036
      },
      "f1": {
        "mean": 0.7376187879864033,
        "std": 0.04057005923535791
      },
      "mcc": {
        "mean": 0.19010557885162988,
        "std": 0.06728179140236863
      },
      "precision": {
        "mean": 0.7697479157350918,
        "std": 0.0410558046981851
      },
      "recall": {
        "mean": 0.7111380268679118,
        "std": 0.06239787687497859
      },
      "specificity": {
        "mean": 0.48750416942637653,
        "std": 0.09111452244941931
      },
      "sensitivity": {
        "mean": 0.7111380268679118,
        "std": 0.06239787687497859
      }
    },
    "tox21": {
      "auroc": {
        "mean": 0.5514949877708498,
        "std": 0.10517526878006547
      },
      "auprc": {
        "mean": 0.5841493107922366,
        "std": 0.14423968447905933
      },
      "accuracy": {
        "mean": 0.4960840845224627,
        "std": 0.039048531536425735
      },
      "f1": {
        "mean": 0.568245841995842,
        "std": 0.06583249128715114
      },
      "mcc": {
        "mean": 0.05664959858177475,
        "std": 0.1032541122253658
      },
      "precision": {
        "mean": 0.49147444595205786,
        "std": 0.11741936399210023
      },
      "recall": {
        "mean": 0.7291133004926108,
        "std": 0.12457732767552879
      },
      "specificity": {
        "mean": 0.3174225774225774,
        "std": 0.09292104302211765
      },
      "sensitivity": {
        "mean": 0.7291133004926108,
        "std": 0.12457732767552879
      }
    },
    "herg": {
      "auroc": {
        "mean": 0.8161556794393643,
        "std": 0.01260890426709167
      },
      "auprc": {
        "mean": 0.8191578470483615,
        "std": 0.00957846230948646
      },
      "accuracy": {
        "mean": 0.7397263158290206,
        "std": 0.011452640155573087
      },
      "f1": {
        "mean": 0.7495599867118348,
        "std": 0.009500797564936072
      },
      "mcc": {
        "mean": 0.4803296584646578,
        "std": 0.024935727751698777
      },
      "precision": {
        "mean": 0.7238392966360958,
        "std": 0.012188905472269885
      },
      "recall": {
        "mean": 0.7782712370198385,
        "std": 0.029608776194906965
      },
      "specificity": {
        "mean": 0.6999938406223012,
        "std": 0.03659473562032693
      },
      "sensitivity": {
        "mean": 0.7782712370198385,
        "std": 0.029608776194906965
      }
    },
    "dili": {
      "auroc": {
        "mean": 0.5656495196432669,
        "std": 0.07991312895902825
      },
      "auprc": {
        "mean": 0.5835441892624302,
        "std": 0.11025837148502217
      },
      "accuracy": {
        "mean": 0.6119316318804809,
        "std": 0.07694999401388335
      },
      "f1": {
        "mean": 0.608565557635325,
        "std": 0.0926645455841141
      },
      "mcc": {
        "mean": 0.20336844834784693,
        "std": 0.14787121566752845
      },
      "precision": {
        "mean": 0.6098245614035088,
        "std": 0.10029105074709763
      },
      "recall": {
        "mean": 0.6098402081010776,
        "std": 0.09115729530230951
      },
      "specificity": {
        "mean": 0.5946662033618556,
        "std": 0.11622059567679938
      },
      "sensitivity": {
        "mean": 0.6098402081010776,
        "std": 0.09115729530230951
      }
    },
    "common_molecules": {
      "auroc": {
        "mean": 0.6866519396392423,
        "std": 0.040070540763263766
      },
      "auprc": {
        "mean": 0.6543488334218397,
        "std": 0.054244672263885976
      },
      "accuracy": {
        "mean": 0.6444893244558049,
        "std": 0.04057100932634038
      },
      "f1": {
        "mean": 0.6594587627493919,
        "std": 0.06426313932410228
      },
      "mcc": {
        "mean": 0.29953758369800276,
        "std": 0.06488776893961842
      },
      "precision": {
        "mean": 0.6056017697894689,
        "std": 0.0705638360738546
      },
      "recall": {
        "mean": 0.7380346916751794,
        "std": 0.10583993912644984
      },
      "specificity": {
        "mean": 0.5542114385511517,
        "std": 0.0936964556841822
      },
      "sensitivity": {
        "mean": 0.7380346916751794,
        "std": 0.10583993912644984
      }
    },
    "t3db": {
      "auroc": {
        "mean": 0.5,
        "std": 0.0
      },
      "auprc": {
        "mean": 1.0,
        "std": 0.0
      },
      "accuracy": {
        "mean": 0.7377460770328103,
        "std": 0.019452310720422757
      },
      "f1": {
        "mean": 0.8489385409193073,
        "std": 0.012982537821354253
      },
      "mcc": {
        "mean": 0.0,